,Cation S_5,Longest Alkyl Chain (Cation)
0,0.0117716362320399,2
1,0.0117716362320399,2
2,0.0117716362320399,2
3,0.0117716362320399,2
4,0.0117716362320399,2
5,0.0117716362320399,2
6,0.0117716362320399,2
7,0.0117716362320399,2
8,0.0117716362320399,2
9,0.0117716362320399,2
10,0.0117716362320399,2
11,0.0117716362320399,2
12,0.0117716362320399,2
13,0.0117716362320399,2
14,0.0117716362320399,2
15,0.0117716362320399,2
16,0.0117716362320399,2
17,0.0117716362320399,2
18,0.0117716362320399,2
19,0.0117716362320399,2
20,0.0117716362320399,2
21,0.0117716362320399,2
22,0.0117716362320399,2
23,0.0117716362320399,2
24,0.0117716362320399,2
25,0.0117716362320399,2
26,0.0117716362320399,2
27,0.0278056147194438,4
28,0.0278056147194438,4
29,0.0278056147194438,4
30,0.0278056147194438,4
31,0.0278056147194438,4
32,0.0278056147194438,4
33,0.0278056147194438,4
34,0.0278056147194438,4
35,0.0278056147194438,4
36,0.0278056147194438,4
37,0.0278056147194438,4
38,0.0278056147194438,4
39,0.0278056147194438,4
40,0.0278056147194438,4
41,0.0278056147194438,4
42,0.0278056147194438,4
43,0.0278056147194438,4
44,0.0278056147194438,4
45,0.0278056147194438,4
46,0.0278056147194438,4
47,0.0278056147194438,4
48,0.0278056147194438,4
49,0.0278056147194438,4
50,0.0278056147194438,4
51,0.0278056147194438,4
52,0.0278056147194438,4
53,0.0278056147194438,4
54,0.0278056147194438,4
55,0.0278056147194438,4
56,0.0278056147194438,4
57,0.0278056147194438,4
58,0.0278056147194438,4
59,0.0278056147194438,4
60,0.0278056147194438,4
61,0.0278056147194438,4
62,0.0278056147194438,4
63,0.0278056147194438,4
64,0.0278056147194438,4
65,0.0278056147194438,4
66,0.0278056147194438,4
67,0.0278056147194438,4
68,0.0278056147194438,4
69,0.0278056147194438,4
70,0.0278056147194438,4
71,0.0278056147194438,4
72,0.0278056147194438,4
73,0.0278056147194438,4
74,0.0278056147194438,4
75,0.0278056147194438,4
76,0.0278056147194438,4
77,0.0459758488050939,6
78,0.0459758488050939,6
79,0.0459758488050939,6
80,0.0459758488050939,6
81,0.0459758488050939,6
82,0.0459758488050939,6
83,0.0459758488050939,6
84,0.0459758488050939,6
85,0.0459758488050939,6
86,0.0459758488050939,6
87,0.0459758488050939,6
88,0.0459758488050939,6
89,0.0459758488050939,6
90,0.0459758488050939,6
91,0.0459758488050939,6
92,0.0459758488050939,6
93,0.0459758488050939,6
94,0.0459758488050939,6
95,0.0459758488050939,6
96,0.0459758488050939,6
97,0.0459758488050939,6
98,0.0459758488050939,6
99,0.0459758488050939,6
100,0.0459758488050939,6
101,0.0459758488050939,6
102,0.0459758488050939,6
103,0.0459758488050939,6
104,0.0459758488050939,6
105,0.0459758488050939,6
106,0.0459758488050939,6
107,0.0459758488050939,6
108,0.0459758488050939,6
109,0.0459758488050939,6
110,0.0459758488050939,6
111,0.0459758488050939,6
112,0.0459758488050939,6
113,0.0459758488050939,6
114,0.0459758488050939,6
115,0.0459758488050939,6
116,0.0278056147194438,4
117,0.0278056147194438,4
118,0.0525209947134648,5
119,0.0525209947134648,5
120,0.0525209947134648,5
121,0.0525209947134648,5
122,0.0525209947134648,5
123,0.0525209947134648,5
124,0.0525209947134648,5
125,0.0525209947134648,5
126,0.0525209947134648,5
127,0.0525209947134648,5
128,0.0525209947134648,5
129,0.0525209947134648,5
130,0.0525209947134648,5
131,0.0525209947134648,5
132,0.0525209947134648,5
133,0.0525209947134648,5
134,0.0525209947134648,5
135,0.0117716362320399,2
136,0.0117716362320399,2
137,0.0117716362320399,2
138,0.0117716362320399,2
139,0.0117716362320399,2
140,0.0117716362320399,2
141,0.0232795070102204,4
142,0.0232795070102204,4
143,0.0232795070102204,4
144,0.0232795070102204,4
145,0.0232795070102204,4
146,0.0232795070102204,4
147,0.0232795070102204,4
148,0.0232795070102204,4
149,0.0232795070102204,4
150,0.0232795070102204,4
151,0.0232795070102204,4
152,0.0232795070102204,4
153,0.0232795070102204,4
154,0.0232795070102204,4
155,0.0232795070102204,4
156,0.0232795070102204,4
157,0.0232795070102204,4
158,0.0232795070102204,4
159,0.0232795070102204,4
160,0.0232795070102204,4
161,0.0232795070102204,4
162,0.0232795070102204,4
163,0.0232795070102204,4
164,0.0232795070102204,4
165,0.0232795070102204,4
166,0.0232795070102204,4
167,0.0232795070102204,4
168,0.0232795070102204,4
169,0.0232795070102204,4
170,0.0232795070102204,4
171,0.0232795070102204,4
172,0.0232795070102204,4
173,0.0232795070102204,4
174,0.0232795070102204,4
175,0.0232795070102204,4
176,0.0232795070102204,4
177,0.0232795070102204,4
178,0.0232795070102204,4
179,0.0232795070102204,4
180,0.0232795070102204,4
181,0.0232795070102204,4
182,0.0232795070102204,4
183,0.0645238375999118,8
184,0.0645238375999118,8
185,0.0645238375999118,8
186,0.0645238375999118,8
187,0.0645238375999118,8
188,0.0645238375999118,8
189,0.0645238375999118,8
190,0.0645238375999118,8
191,0.0645238375999118,8
192,0.0645238375999118,8
193,0.0645238375999118,8
194,0.0645238375999118,8
195,0.0645238375999118,8
196,0.0645238375999118,8
197,0.0645238375999118,8
198,0.0645238375999118,8
199,0.0117716362320399,2
200,0.0117716362320399,2
201,0.0117716362320399,2
202,0.0117716362320399,2
203,0.0117716362320399,2
204,0.0117716362320399,2
205,0.0117716362320399,2
206,0.0117716362320399,2
207,0.0117716362320399,2
208,0.0117716362320399,2
209,0.0140877168271249,3
210,0.0140877168271249,3
211,0.0140877168271249,3
212,0.0140877168271249,3
213,0.0140877168271249,3
214,0.0140877168271249,3
215,0.0140877168271249,3
216,0.0140877168271249,3
217,0.0140877168271249,3
218,0.0140877168271249,3
219,0.0140877168271249,3
220,0.0140877168271249,3
221,0.0140877168271249,3
222,0.0140877168271249,3
223,0.0140877168271249,3
224,0.0140877168271249,3
225,0.0140877168271249,3
226,0.0140877168271249,3
227,0.0140877168271249,3
228,0.0140877168271249,3
229,0.0140877168271249,3
230,0.0140877168271249,3
231,0.0140877168271249,3
232,0.0140877168271249,3
233,0.0140877168271249,3
234,0.0140877168271249,3
235,0.0140877168271249,3
236,0.0140877168271249,3
237,0.0140877168271249,3
238,0.0140877168271249,3
239,0.0140877168271249,3
240,0.0140877168271249,3
241,0.0140877168271249,3
242,0.0140877168271249,3
243,0.0278056147194438,4
244,0.0278056147194438,4
245,0.0278056147194438,4
246,0.0278056147194438,4
247,0.0278056147194438,4
248,0.0278056147194438,4
249,0.0278056147194438,4
250,0.0278056147194438,4
251,0.0278056147194438,4
252,0.0278056147194438,4
253,0.0278056147194438,4
254,0.0278056147194438,4
255,0.0278056147194438,4
256,0.0278056147194438,4
257,0.0278056147194438,4
258,0.0278056147194438,4
259,0.0278056147194438,4
260,0.0278056147194438,4
261,0.0278056147194438,4
262,0.0278056147194438,4
263,0.0278056147194438,4
264,0.0278056147194438,4
265,0.0278056147194438,4
266,0.0278056147194438,4
267,0.0278056147194438,4
268,0.0278056147194438,4
269,0.0278056147194438,4
270,0.0278056147194438,4
271,0.0645238375999118,8
272,0.0645238375999118,8
273,0.0645238375999118,8
274,0.0645238375999118,8
275,0.0645238375999118,8
276,0.0645238375999118,8
277,0.0645238375999118,8
278,0.0645238375999118,8
279,0.0645238375999118,8
280,0.0645238375999118,8
281,0.0645238375999118,8
282,0.0645238375999118,8
283,0.0645238375999118,8
284,0.0645238375999118,8
285,0.0645238375999118,8
286,0.0645238375999118,8
287,0.0645238375999118,8
288,0.0645238375999118,8
289,0.0645238375999118,8
290,0.0645238375999118,8
291,0.0645238375999118,8
292,0.0645238375999118,8
293,0.0645238375999118,8
294,0.0645238375999118,8
295,0.0645238375999118,8
296,0.0645238375999118,8
297,0.0645238375999118,8
298,0.1008670277098717,12
299,0.0814365579199103,10
300,0.0642580357943851,8
301,0.0235144238815747,4
302,0.0235144238815747,4
303,0.0235144238815747,4
304,0.0235144238815747,4
305,0.0235144238815747,4
306,0.0235144238815747,4
307,0.0235144238815747,4
308,0.0235144238815747,4
309,0.0235144238815747,4
310,0.0235144238815747,4
311,0.0235144238815747,4
312,0.0235144238815747,4
313,0.0235144238815747,4
314,0.0235144238815747,4
315,0.0235144238815747,4
316,0.0235144238815747,4
317,0.0235144238815747,4
318,0.0235144238815747,4
319,0.0235144238815747,4
320,0.0235144238815747,4
321,0.0235144238815747,4
322,0.0238208624015177,4
323,0.0238208624015177,4
324,0.0238208624015177,4
325,0.0238208624015177,4
326,0.0238208624015177,4
327,0.0238208624015177,4
328,0.0238208624015177,4
329,0.0238208624015177,4
330,0.0238208624015177,4
331,0.0238208624015177,4
332,0.0238208624015177,4
333,0.0238208624015177,4
334,0.0238208624015177,4
335,0.0238208624015177,4
336,0.0238208624015177,4
337,0.0238208624015177,4
338,0.0238208624015177,4
339,0.0238208624015177,4
340,0.0238208624015177,4
341,0.0238208624015177,4
342,0.0238208624015177,4
343,0.0238208624015177,4
344,0.0238208624015177,4
345,0.0238208624015177,4
346,0.0052914074038871,2
347,0.0052914074038871,2
348,0.0052914074038871,2
349,0.0052914074038871,2
350,0.0052914074038871,2
351,0.0052914074038871,2
352,0.0052914074038871,2
353,0.0052914074038871,2
354,0.0052914074038871,2
355,0.0052914074038871,2
356,0.0052914074038871,2
357,0.0052914074038871,2
358,0.0052914074038871,2
359,0.0052914074038871,2
360,0.0052914074038871,2
361,0.0052914074038871,2
362,0.0052914074038871,2
363,0.0052914074038871,2
364,0.0052914074038871,2
365,0.0052914074038871,2
366,0.0052914074038871,2
367,0.0052914074038871,2
368,0.0052914074038871,2
369,0.0052914074038871,2
370,0.0052914074038871,2
371,0.0381880410296112,6
372,0.0381880410296112,6
373,0.0381880410296112,6
374,0.0381880410296112,6
375,0.0381880410296112,6
376,0.0381880410296112,6
377,0.0381880410296112,6
378,0.0381880410296112,6
379,0.0381880410296112,6
380,0.0381880410296112,6
381,0.0381880410296112,6
382,0.0381880410296112,6
383,0.0210962045181288,4
384,0.0210962045181288,4
385,0.0210962045181288,4
386,0.0210962045181288,4
387,0.0210962045181288,4
388,0.0210962045181288,4
389,0.0210962045181288,4
390,0.0210962045181288,4
391,0.0210962045181288,4
392,0.0210962045181288,4
393,0.0210962045181288,4
394,0.0210962045181288,4
395,0.0210962045181288,4
396,0.0210962045181288,4
397,0.0210962045181288,4
398,0.0210962045181288,4
399,0.0210962045181288,4
400,0.0210962045181288,4
401,0.0210962045181288,4
402,0.0210962045181288,4
403,0.0210962045181288,4
404,0.0140877168271249,3
405,0.0140877168271249,3
406,0.0140877168271249,3
407,0.0140877168271249,3
408,0.0140877168271249,3
409,0.0140877168271249,3
410,0.0140877168271249,3
411,0.0140877168271249,3
412,0.0140877168271249,3
413,0.0140877168271249,3
414,0.0140877168271249,3
415,0.0140877168271249,3
416,0.0140877168271249,3
417,0.0140877168271249,3
418,0.0140877168271249,3
419,0.0140877168271249,3
420,0.0140877168271249,3
421,0.0140877168271249,3
422,0.0140877168271249,3
423,0.0140877168271249,3
424,0.0140877168271249,3
425,0.0140877168271249,3
426,0.0140877168271249,3
427,0.0140877168271249,3
428,0.0117716362320399,2
429,0.0117716362320399,2
430,0.0117716362320399,2
431,0.0117716362320399,2
432,0.0117716362320399,2
433,0.0117716362320399,2
434,0.0117716362320399,2
435,0.0117716362320399,2
436,0.0117716362320399,2
437,0.0117716362320399,2
438,0.0117716362320399,2
439,0.0117716362320399,2
440,0.0117716362320399,2
441,0.0117716362320399,2
442,0.0117716362320399,2
443,0.0117716362320399,2
444,0.0117716362320399,2
445,0.0117716362320399,2
446,0.0117716362320399,2
447,0.0117716362320399,2
448,0.0117716362320399,2
449,0.0117716362320399,2
450,0.0117716362320399,2
451,0.0117716362320399,2
452,0.0117716362320399,2
453,0.0117716362320399,2
454,0.0117716362320399,2
455,0.0117716362320399,2
456,0.0117716362320399,2
457,0.0117716362320399,2
458,0.0117716362320399,2
459,0.0117716362320399,2
460,0.0117716362320399,2
461,0.0117716362320399,2
462,0.0117716362320399,2
463,0.0117716362320399,2
464,0.0117716362320399,2
465,0.0117716362320399,2
466,0.0117716362320399,2
467,0.0459758488050939,6
468,0.0459758488050939,6
469,0.0459758488050939,6
470,0.0459758488050939,6
471,0.0459758488050939,6
472,0.0459758488050939,6
473,0.0459758488050939,6
474,0.0459758488050939,6
475,0.0459758488050939,6
476,0.0459758488050939,6
477,0.0459758488050939,6
478,0.0459758488050939,6
479,0.0459758488050939,6
480,0.0459758488050939,6
481,0.0459758488050939,6
482,0.0117716362320399,2
483,0.0037410466022508,2
484,0.0037410466022508,2
485,0.0037410466022508,2
486,0.0037410466022508,2
487,0.0037410466022508,2
488,0.0037410466022508,2
489,0.0037410466022508,2
490,0.0037410466022508,2
491,0.0037410466022508,2
492,0.0037410466022508,2
493,0.0037410466022508,2
494,0.0117716362320399,2
495,0.0117716362320399,2
496,0.0117716362320399,2
497,0.0117716362320399,2
498,0.0117716362320399,2
499,0.0117716362320399,2
500,0.0117716362320399,2
501,0.0117716362320399,2
502,0.0117716362320399,2
503,0.0117716362320399,2
504,0.0117716362320399,2
505,0.0117716362320399,2
506,0.0117716362320399,2
507,0.0117716362320399,2
508,0.0117716362320399,2
509,0.0117716362320399,2
510,0.0117716362320399,2
511,0.0117716362320399,2
512,0.0117716362320399,2
513,0.0117716362320399,2
514,0.0117716362320399,2
515,0.0117716362320399,2
516,0.0117716362320399,2
517,0.0117716362320399,2
518,0.0117716362320399,2
519,0.0117716362320399,2
520,0.0117716362320399,2
521,0.0117716362320399,2
522,0.0117716362320399,2
523,0.0117716362320399,2
524,0.0117716362320399,2
525,0.0117716362320399,2
526,0.0117716362320399,2
527,0.2416838529653924,14
528,0.2416838529653924,14
529,0.2416838529653924,14
530,0.0271147170305473,4
531,0.0117716362320399,2
532,0.0117716362320399,2
533,0.0117716362320399,2
534,0.0117716362320399,2
535,0.0117716362320399,2
536,0.0117716362320399,2
537,0.0117716362320399,2
538,0.0117716362320399,2
539,0.0117716362320399,2
540,0.0117716362320399,2
541,0.0117716362320399,2
542,0.0117716362320399,2
543,0.0117716362320399,2
544,0.0117716362320399,2
545,0.0117716362320399,2
546,0.0117716362320399,2
547,0.0117716362320399,2
548,0.0117716362320399,2
549,0.0410541412505525,6
550,0.0410541412505525,6
551,0.0410541412505525,6
552,0.0410541412505525,6
553,0.0410541412505525,6
554,0.0410541412505525,6
555,0.0410541412505525,6
556,0.0410541412505525,6
557,0.0410541412505525,6
558,0.0105285924462602,2
559,0.0105285924462602,2
560,0.0105285924462602,2
561,0.0105285924462602,2
562,0.0105285924462602,2
563,0.0105285924462602,2
564,0.0105285924462602,2
565,0.0105285924462602,2
566,0.0105285924462602,2
567,0.0105285924462602,2
568,0.0105285924462602,2
569,0.0105285924462602,2
570,0.0105285924462602,2
571,0.0105285924462602,2
572,0.0105285924462602,2
573,0.0105285924462602,2
574,0.0191947689107065,3
575,0.0140877168271249,3
576,0.0140877168271249,3
577,0.0200364838794908,2
578,0.0200364838794908,2
579,0.0200364838794908,2
580,0.0200364838794908,2
581,0.0200364838794908,2
582,0.0200364838794908,2
583,0.0200364838794908,2
584,0.0200364838794908,2
585,0.0200364838794908,2
586,0.0200364838794908,2
587,0.0200364838794908,2
588,0.0200364838794908,2
589,0.0200364838794908,2
590,0.0200364838794908,2
591,0.0200364838794908,2
592,0.012950694562692,2
593,0.012950694562692,2
594,0.012950694562692,2
595,0.012950694562692,2
596,0.012950694562692,2
597,0.012950694562692,2
598,0.012950694562692,2
599,0.012950694562692,2
600,0.012950694562692,2
601,0.012950694562692,2
602,0.012950694562692,2
603,0.012950694562692,2
604,0.012950694562692,2
605,0.012950694562692,2
606,0.012950694562692,2
607,0.012950694562692,2
608,0.012950694562692,2
609,0.012950694562692,2
610,0.012950694562692,2
611,0.012950694562692,2
612,0.012950694562692,2
613,0.012950694562692,2
614,0.012950694562692,2
615,0.012950694562692,2
616,0.012950694562692,2
617,0.012950694562692,2
618,0.012950694562692,2
619,0.012950694562692,2
620,0.0186528847854063,2
621,0.0186528847854063,2
622,0.0186528847854063,2
623,0.0186528847854063,2
624,0.0186528847854063,2
625,0.0186528847854063,2
626,0.0186528847854063,2
627,0.0186528847854063,2
628,0.0186528847854063,2
629,0.0186528847854063,2
630,0.0186528847854063,2
631,0.0186528847854063,2
632,0.0186528847854063,2
633,0.0186528847854063,2
634,0.0186528847854063,2
635,0.0186528847854063,2
636,0.0186528847854063,2
637,0.0186528847854063,2
638,0.0186528847854063,2
639,0.0186528847854063,2
640,0.0186528847854063,2
641,0.0186528847854063,2
642,0.0314644732806209,4
643,0.0314644732806209,4
644,0.0314644732806209,4
645,0.0314644732806209,4
646,0.0314644732806209,4
647,0.0314644732806209,4
648,0.0314644732806209,4
649,0.0314644732806209,4
650,0.131519786248011,8
651,0.0263058302282725,4
652,0.0263058302282725,4
653,0.0263058302282725,4
654,0.0263058302282725,4
655,0.0263058302282725,4
656,0.0263058302282725,4
657,0.0263058302282725,4
658,0.0263058302282725,4
659,0.0263058302282725,4
660,0.0263058302282725,4
661,0.0156192350603586,3
662,0.0156192350603586,3
663,0.0156192350603586,3
664,0.0156192350603586,3
665,0.0156192350603586,3
666,0.0156192350603586,3
667,0.0156192350603586,3
668,0.0156192350603586,3
669,0.0156192350603586,3
670,0.0117716362320399,2
671,0.0117716362320399,2
672,0.0117716362320399,2
673,0.0117716362320399,2
674,0.0117716362320399,2
675,0.0117716362320399,2
676,0.0117716362320399,2
677,0.0117716362320399,2
678,0.0117716362320399,2
679,0.0117716362320399,2
680,0.0117716362320399,2
681,0.0117716362320399,2
682,0.0117716362320399,2
683,0.0117716362320399,2
684,0.0117716362320399,2
685,0.0117716362320399,2
686,0.0117716362320399,2
687,0.0117716362320399,2
688,0.0117716362320399,2
689,0.0117716362320399,2
690,0.0117716362320399,2
691,0.0117716362320399,2
692,0.0117716362320399,2
693,0.0117716362320399,2
694,0.0117716362320399,2
695,0.0117716362320399,2
696,0.0117716362320399,2
697,0.0117716362320399,2
698,0.0117716362320399,2
699,0.0117716362320399,2
700,0.0117716362320399,2
701,0.0117716362320399,2
702,0.0441530185746882,6
703,0.0441530185746882,6
704,0.0441530185746882,6
705,0.0441530185746882,6
706,0.0441530185746882,6
707,0.0441530185746882,6
708,0.0441530185746882,6
709,0.0441530185746882,6
710,0.0441530185746882,6
711,0.0441530185746882,6
712,0.0441530185746882,6
713,0.0441530185746882,6
714,0.0441530185746882,6
715,0.0593512602140614,7
716,0.0593512602140614,7
717,0.0593512602140614,7
718,0.0593512602140614,7
719,0.0593512602140614,7
720,0.0593512602140614,7
721,0.0593512602140614,7
722,0.0593512602140614,7
723,0.0593512602140614,7
724,0.0593512602140614,7
725,0.0593512602140614,7
726,0.0593512602140614,7
727,0.0593512602140614,7
728,0.0593512602140614,7
729,0.0593512602140614,7
730,0.0593512602140614,7
731,0.0593512602140614,7
732,0.0593512602140614,7
733,0.0593512602140614,7
734,0.0593512602140614,7
735,0.0593512602140614,7
736,0.0593512602140614,7
737,0.0593512602140614,7
738,0.0593512602140614,7
739,0.0593512602140614,7
740,0.0593512602140614,7
741,0.0047001249074542,1
742,0.0047001249074542,1
743,0.0238208624015177,4
744,0.0238208624015177,4
745,0.0238208624015177,4
746,0.0238208624015177,4
747,0.0238208624015177,4
748,0.0238208624015177,4
749,0.0238208624015177,4
750,0.0238208624015177,4
751,0.0238208624015177,4
752,0.0238208624015177,4
753,0.0238208624015177,4
754,0.0238208624015177,4
755,0.0238208624015177,4
756,0.0092400313324918,2
757,0.0092400313324918,2
758,0.0092400313324918,2
759,0.0092400313324918,2
760,0.0092400313324918,2
761,0.0092400313324918,2
762,0.0092400313324918,2
763,0.0092400313324918,2
764,0.0092400313324918,2
765,0.0092400313324918,2
766,0.0092400313324918,2
767,0.0092400313324918,2
768,0.0092400313324918,2
769,0.0232795070102204,4
770,0.0232795070102204,4
771,0.0232795070102204,4
772,0.0232795070102204,4
773,0.0232795070102204,4
774,0.0232795070102204,4
775,0.0232795070102204,4
776,0.0232795070102204,4
777,0.0232795070102204,4
778,0.0625253787892542,8
779,0.0625253787892542,8
780,0.0625253787892542,8
781,0.0625253787892542,8
782,0.0625253787892542,8
783,0.0625253787892542,8
784,0.0625253787892542,8
785,0.0625253787892542,8
786,0.0625253787892542,8
787,0.0625253787892542,8
788,0.0625253787892542,8
789,0.0625253787892542,8
790,0.0625253787892542,8
791,0.0055126564706318,2
792,0.0055126564706318,2
793,0.0055126564706318,2
794,0.0055126564706318,2
795,0.0055126564706318,2
796,0.0055126564706318,2
797,0.0055126564706318,2
798,0.0055126564706318,2
799,0.0055126564706318,2
800,0.0055126564706318,2
801,0.0055126564706318,2
802,0.0055126564706318,2
803,0.0055126564706318,2
804,0.0102796911760296,2
805,0.0102796911760296,2
806,0.0102796911760296,2
807,0.0102796911760296,2
808,0.0102796911760296,2
809,0.0102796911760296,2
810,0.0102796911760296,2
811,0.0102796911760296,2
812,0.0102796911760296,2
813,0.0102796911760296,2
814,0.0102796911760296,2
815,0.0102796911760296,2
816,0.0102796911760296,2
817,0.0632814906476942,8
818,0.0632814906476942,8
819,0.0632814906476942,8
820,0.0632814906476942,8
821,0.0632814906476942,8
822,0.0632814906476942,8
823,0.0632814906476942,8
824,0.0632814906476942,8
825,0.0632814906476942,8
826,0.0632814906476942,8
827,0.0632814906476942,8
828,0.0632814906476942,8
829,0.0632814906476942,8
830,0.0279034674622187,4
831,0.0279034674622187,4
832,0.0279034674622187,4
833,0.0279034674622187,4
834,0.0279034674622187,4
835,0.0279034674622187,4
836,0.0279034674622187,4
837,0.0279034674622187,4
838,0.0279034674622187,4
839,0.0279034674622187,4
840,0.0279034674622187,4
841,0.0279034674622187,4
842,0.0279034674622187,4
843,0.0263058302282725,4
844,0.0263058302282725,4
845,0.0263058302282725,4
846,0.0263058302282725,4
847,0.0263058302282725,4
848,0.0263058302282725,4
849,0.0263058302282725,4
850,0.0263058302282725,4
851,0.0263058302282725,4
852,0.0263058302282725,4
853,0.0263058302282725,4
854,0.0409589192878983,6
855,0.0409589192878983,6
856,0.0409589192878983,6
857,0.0409589192878983,6
858,0.0409589192878983,6
859,0.0409589192878983,6
860,0.0409589192878983,6
861,0.0409589192878983,6
862,0.0409589192878983,6
863,0.0409589192878983,6
864,0.044033468524255,6
865,0.044033468524255,6
866,0.044033468524255,6
867,0.044033468524255,6
868,0.044033468524255,6
869,0.044033468524255,6
870,0.044033468524255,6
871,0.044033468524255,6
872,0.044033468524255,6
873,0.044033468524255,6
874,0.044033468524255,6
875,0.044033468524255,6
876,0.044033468524255,6
877,0.0599332018852042,8
878,0.0599332018852042,8
879,0.0599332018852042,8
880,0.0599332018852042,8
881,0.0599332018852042,8
882,0.0599332018852042,8
883,0.0599332018852042,8
884,0.0599332018852042,8
885,0.0599332018852042,8
886,0.0599332018852042,8
887,0.0599332018852042,8
888,0.0599332018852042,8
889,0.0599332018852042,8
890,0.0459758488050939,6
891,0.0459758488050939,6
892,0.0459758488050939,6
893,0.0459758488050939,6
894,0.0459758488050939,6
895,0.0459758488050939,6
896,0.0459758488050939,6
897,0.0459758488050939,6
898,0.0459758488050939,6
899,0.0459758488050939,6
900,0.0459758488050939,6
901,0.0459758488050939,6
902,0.0459758488050939,6
903,0.0191947689107065,3
904,0.0191947689107065,3
905,0.0191947689107065,3
906,0.0191947689107065,3
907,0.0191947689107065,3
908,0.0191947689107065,3
909,0.0191947689107065,3
910,0.0191947689107065,3
911,0.0191947689107065,3
912,0.0191947689107065,3
913,0.0191947689107065,3
914,0.0191947689107065,3
915,0.0191947689107065,3
916,0.0367906873287528,5
917,0.0367906873287528,5
918,0.0367906873287528,5
919,0.0367906873287528,5
920,0.0367906873287528,5
921,0.0367906873287528,5
922,0.0367906873287528,5
923,0.0367906873287528,5
924,0.0367906873287528,5
925,0.0367906873287528,5
926,0.0367906873287528,5
927,0.0367906873287528,5
928,0.0367906873287528,5
929,0.0201631852354009,3
930,0.0201631852354009,3
931,0.0201631852354009,3
932,0.0201631852354009,3
933,0.0201631852354009,3
934,0.0201631852354009,3
935,0.0201631852354009,3
936,0.0201631852354009,3
937,0.0201631852354009,3
938,0.0201631852354009,3
939,0.0201631852354009,3
940,0.0201631852354009,3
941,0.0201631852354009,3
942,0.0201631852354009,3
943,0.0201631852354009,3
944,0.0201631852354009,3
945,0.0201631852354009,3
946,0.0117716362320399,2
947,0.0117716362320399,2
948,0.0117716362320399,2
949,0.0117716362320399,2
950,0.0117716362320399,2
951,0.0117716362320399,2
952,0.0117716362320399,2
953,0.0117716362320399,2
954,0.0117716362320399,2
955,0.0839487781111524,10
956,0.0839487781111524,10
957,0.0839487781111524,10
958,0.0839487781111524,10
959,0.0839487781111524,10
960,0.0839487781111524,10
961,0.0839487781111524,10
962,0.0839487781111524,10
963,0.0839487781111524,10
964,0.0839487781111524,10
965,0.0839487781111524,10
966,0.0839487781111524,10
967,0.0125683069345776,2
968,0.0125683069345776,2
969,0.0125683069345776,2
970,0.0125683069345776,2
971,0.0125683069345776,2
972,0.0125683069345776,2
973,0.0125683069345776,2
974,0.0125683069345776,2
975,0.0125683069345776,2
976,0.0125683069345776,2
977,0.0125683069345776,2
978,0.0125683069345776,2
979,0.102303857850863,12
980,0.102303857850863,12
981,0.102303857850863,12
982,0.102303857850863,12
983,0.102303857850863,12
984,0.102303857850863,12
985,0.102303857850863,12
986,0.102303857850863,12
987,0.102303857850863,12
988,0.102303857850863,12
989,0.102303857850863,12
990,0.102303857850863,12
991,0.0296874911591067,4
992,0.0296874911591067,4
993,0.0296874911591067,4
994,0.0296874911591067,4
995,0.0296874911591067,4
996,0.0296874911591067,4
997,0.0296874911591067,4
998,0.0296874911591067,4
999,0.0296874911591067,4
1000,0.0296874911591067,4
1001,0.0296874911591067,4
1002,0.0296874911591067,4
1003,0.0441530185746882,6
1004,0.0441530185746882,6
1005,0.0441530185746882,6
1006,0.0441530185746882,6
1007,0.0441530185746882,6
1008,0.0441530185746882,6
1009,0.0441530185746882,6
1010,0.0441530185746882,6
1011,0.0441530185746882,6
1012,0.0441530185746882,6
1013,0.0441530185746882,6
1014,0.0441530185746882,6
1015,0.0189683234914107,2
1016,0.0189683234914107,2
1017,0.0189683234914107,2
1018,0.0189683234914107,2
1019,0.0189683234914107,2
1020,0.0189683234914107,2
1021,0.0189683234914107,2
1022,0.0189683234914107,2
1023,0.0189683234914107,2
1024,0.0189683234914107,2
1025,0.0189683234914107,2
1026,0.0189683234914107,2
1027,0.0189683234914107,2
1028,0.0189683234914107,2
1029,0.0189683234914107,2
1030,0.0189683234914107,2
1031,0.0189683234914107,2
1032,0.0189683234914107,2
1033,0.0189683234914107,2
1034,0.0189683234914107,2
1035,0.0189683234914107,2
1036,0.0189683234914107,2
1037,0.0189683234914107,2
1038,0.0189683234914107,2
1039,0.0189683234914107,2
1040,0.0189683234914107,2
1041,0.0189683234914107,2
1042,0.0189683234914107,2
1043,0.0189683234914107,2
1044,0.0189683234914107,2
1045,0.0189683234914107,2
1046,0.0189683234914107,2
1047,0.0189683234914107,2
1048,0.0189683234914107,2
1049,0.0189683234914107,2
1050,0.0189683234914107,2
1051,0.0189683234914107,2
1052,0.0189683234914107,2
1053,0.0189683234914107,2
1054,0.0189683234914107,2
1055,0.0189683234914107,2
1056,0.0189683234914107,2
1057,0.0189683234914107,2
1058,0.0189683234914107,2
1059,0.0189683234914107,2
1060,0.0189683234914107,2
1061,0.0189683234914107,2
1062,0.0232795070102204,4
1063,0.0232795070102204,4
1064,0.0232795070102204,4
1065,0.0232795070102204,4
1066,0.0232795070102204,4
1067,0.0232795070102204,4
1068,0.0232795070102204,4
1069,0.0232795070102204,4
1070,0.0232795070102204,4
1071,0.0232795070102204,4
1072,0.0232795070102204,4
1073,0.0296552391984166,5
1074,0.0296552391984166,5
1075,0.0296552391984166,5
1076,0.0296552391984166,5
1077,0.0296552391984166,5
1078,0.0296552391984166,5
1079,0.0296552391984166,5
1080,0.0296552391984166,5
1081,0.0296552391984166,5
1082,0.0062267182236382,2
1083,0.0062267182236382,2
1084,0.0062267182236382,2
1085,0.0062267182236382,2
1086,0.0062267182236382,2
1087,0.0062267182236382,2
1088,0.0062267182236382,2
1089,0.0062267182236382,2
1090,0.0062267182236382,2
1091,0.0062267182236382,2
1092,0.0531714717675886,4
1093,0.0531714717675886,4
1094,0.0531714717675886,4
1095,0.0531714717675886,4
1096,0.0531714717675886,4
1097,0.0531714717675886,4
1098,0.0531714717675886,4
1099,0.0531714717675886,4
1100,0.0531714717675886,4
1101,0.0232795070102204,4
1102,0.0232795070102204,4
1103,0.0232795070102204,4
1104,0.0232795070102204,4
1105,0.0232795070102204,4
1106,0.0232795070102204,4
1107,0.0232795070102204,4
1108,0.0232795070102204,4
1109,0.0232795070102204,4
1110,0.0232795070102204,4
1111,0.0232795070102204,4
1112,0.0232795070102204,4
1113,0.0232795070102204,4
1114,0.0232795070102204,4
1115,0.0232795070102204,4
1116,0.0232795070102204,4
1117,0.0232795070102204,4
1118,0.0232795070102204,4
1119,0.0232795070102204,4
1120,0.0232795070102204,4
1121,0.0232795070102204,4
1122,0.0232795070102204,4
1123,0.0232795070102204,4
1124,0.0232795070102204,4
1125,0.0232795070102204,4
1126,0.0232795070102204,4
1127,0.0232795070102204,4
1128,0.0232795070102204,4
1129,0.0232795070102204,4
1130,0.0232795070102204,4
1131,0.0507322855405117,7
1132,0.0507322855405117,7
1133,0.0507322855405117,7
1134,0.0507322855405117,7
1135,0.0507322855405117,7
1136,0.0507322855405117,7
1137,0.0507322855405117,7
1138,0.0507322855405117,7
1139,0.0507322855405117,7
1140,0.0507322855405117,7
1141,0.0507322855405117,7
1142,0.0507322855405117,7
1143,0.0178319332721838,2
1144,0.0178319332721838,2
1145,0.0178319332721838,2
1146,0.0178319332721838,2
1147,0.0178319332721838,2
1148,0.0178319332721838,2
1149,0.0178319332721838,2
1150,0.0178319332721838,2
1151,0.0178319332721838,2
1152,0.0178319332721838,2
1153,0.0178319332721838,2
1154,0.0178319332721838,2
1155,0.0226733844332693,2
1156,0.0226733844332693,2
1157,0.0226733844332693,2
1158,0.0226733844332693,2
1159,0.0226733844332693,2
1160,0.0226733844332693,2
1161,0.0226733844332693,2
1162,0.0226733844332693,2
1163,0.0226733844332693,2
1164,0.0226733844332693,2
1165,0.0226733844332693,2
1166,0.0226733844332693,2
1167,0.0117716362320399,2
1168,0.0117716362320399,2
1169,0.0117716362320399,2
1170,0.0117716362320399,2
1171,0.0117716362320399,2
1172,0.0117716362320399,2
1173,0.0117716362320399,2
1174,0.0117716362320399,2
1175,0.0117716362320399,2
1176,0.0117716362320399,2
1177,0.0117716362320399,2
1178,0.0117716362320399,2
1179,0.0080230704642826,2
1180,0.0080230704642826,2
1181,0.0080230704642826,2
1182,0.0080230704642826,2
1183,0.0080230704642826,2
1184,0.0080230704642826,2
1185,0.0101755456923227,3
1186,0.0101755456923227,3
1187,0.0101755456923227,3
1188,0.0101755456923227,3
1189,0.0101755456923227,3
1190,0.0101755456923227,3
1191,0.0101755456923227,3
1192,0.0101755456923227,3
1193,0.0278056147194438,4
1194,0.0278056147194438,4
1195,0.0278056147194438,4
1196,0.0278056147194438,4
1197,0.0278056147194438,4
1198,0.0078616723841164,2
1199,0.0078616723841164,2
1200,0.0078616723841164,2
1201,0.0078616723841164,2
1202,0.0078616723841164,2
1203,0.0078616723841164,2
1204,0.0078616723841164,2
1205,0.0078616723841164,2
1206,0.0078616723841164,2
1207,0.0078616723841164,2
1208,0.0078616723841164,2
1209,0.0078616723841164,2
1210,0.0078616723841164,2
1211,0.0078616723841164,2
1212,0.0078616723841164,2
1213,0.0078616723841164,2
1214,0.0078616723841164,2
1215,0.0078616723841164,2
1216,0.0078616723841164,2
1217,0.0078616723841164,2
1218,0.0078616723841164,2
1219,0.0078616723841164,2
1220,0.0078616723841164,2
1221,0.0078616723841164,2
1222,0.0078616723841164,2
1223,0.0078616723841164,2
1224,0.0078616723841164,2
1225,0.0078616723841164,2
1226,0.0078616723841164,2
1227,0.0078616723841164,2
1228,0.0078616723841164,2
1229,0.0078616723841164,2
1230,0.0078616723841164,2
1231,0.0078616723841164,2
1232,0.0078616723841164,2
1233,0.0078616723841164,2
1234,0.0054929007942355,1
1235,0.0054929007942355,1
1236,0.0054929007942355,1
1237,0.0054929007942355,1
1238,0.0054929007942355,1
1239,0.0054929007942355,1
1240,0.0054929007942355,1
1241,0.0054929007942355,1
1242,0.0054929007942355,1
1243,0.0054929007942355,1
1244,0.0054929007942355,1
1245,0.0054929007942355,1
1246,0.0054929007942355,1
1247,0.0054929007942355,1
1248,0.0054929007942355,1
1249,0.0177952909406225,4
1250,0.0177952909406225,4
1251,0.0177952909406225,4
1252,0.0177952909406225,4
1253,0.0191947689107065,3
1254,0.0191947689107065,3
1255,0.0191947689107065,3
1256,0.0191947689107065,3
1257,0.0191947689107065,3
1258,0.0191947689107065,3
1259,0.0191947689107065,3
1260,0.0191947689107065,3
1261,0.0191947689107065,3
1262,0.0191947689107065,3
1263,0.0191947689107065,3
1264,0.0191947689107065,3
1265,0.0278056147194438,4
1266,0.0278056147194438,4
1267,0.0278056147194438,4
1268,0.0278056147194438,4
1269,0.0278056147194438,4
1270,0.0278056147194438,4
1271,0.0278056147194438,4
1272,0.0278056147194438,4
1273,0.0278056147194438,4
1274,0.0278056147194438,4
1275,0.0278056147194438,4
1276,0.0278056147194438,4
1277,0.0367906873287528,5
1278,0.0367906873287528,5
1279,0.0367906873287528,5
1280,0.0367906873287528,5
1281,0.0367906873287528,5
1282,0.0367906873287528,5
1283,0.0367906873287528,5
1284,0.0367906873287528,5
1285,0.0367906873287528,5
1286,0.0367906873287528,5
1287,0.0367906873287528,5
1288,0.0367906873287528,5
1289,0.0278056147194438,4
1290,0.0278056147194438,4
1291,0.0278056147194438,4
1292,0.0278056147194438,4
1293,0.0278056147194438,4
1294,0.0278056147194438,4
1295,0.0278056147194438,4
1296,0.0278056147194438,4
1297,0.0278056147194438,4
1298,0.0278056147194438,4
1299,0.0278056147194438,4
1300,0.0278056147194438,4
1301,0.0367906873287528,5
1302,0.0367906873287528,5
1303,0.0367906873287528,5
1304,0.0367906873287528,5
1305,0.0367906873287528,5
1306,0.0367906873287528,5
1307,0.0367906873287528,5
1308,0.0367906873287528,5
1309,0.0367906873287528,5
1310,0.0367906873287528,5
1311,0.0367906873287528,5
1312,0.0367906873287528,5
1313,0.0278056147194438,4
1314,0.0278056147194438,4
1315,0.0278056147194438,4
1316,0.0278056147194438,4
1317,0.0278056147194438,4
1318,0.0278056147194438,4
1319,0.0278056147194438,4
1320,0.0278056147194438,4
1321,0.0433814693769245,2
1322,0.0433814693769245,2
1323,0.0433814693769245,2
1324,0.0433814693769245,2
1325,0.0433814693769245,2
1326,0.0433814693769245,2
1327,0.0433814693769245,2
1328,0.0433814693769245,2
1329,0.0433814693769245,2
1330,0.0433814693769245,2
1331,0.0433814693769245,2
1332,0.0433814693769245,2
1333,0.0433814693769245,2
1334,0.0433814693769245,2
1335,0.0433814693769245,2
1336,0.0433814693769245,2
1337,0.0433814693769245,2
1338,0.0433814693769245,2
1339,0.0433814693769245,2
1340,0.0433814693769245,2
1341,0.0433814693769245,2
1342,0.0433814693769245,2
1343,0.0433814693769245,2
1344,0.0433814693769245,2
1345,0.0433814693769245,2
1346,0.0433814693769245,2
1347,0.0433814693769245,2
1348,0.0433814693769245,2
1349,0.0433814693769245,2
1350,0.0433814693769245,2
1351,0.0433814693769245,2
1352,0.0433814693769245,2
1353,0.0433814693769245,2
1354,0.0210962045181288,4
1355,0.0210962045181288,4
1356,0.0210962045181288,4
1357,0.0210962045181288,4
1358,0.0210962045181288,4
1359,0.0210962045181288,4
1360,0.0210962045181288,4
1361,0.0210962045181288,4
1362,0.0210962045181288,4
1363,0.0210962045181288,4
1364,0.0210962045181288,4
1365,0.0117716362320399,2
1366,0.0117716362320399,2
1367,0.0117716362320399,2
1368,0.0117716362320399,2
1369,0.0117716362320399,2
1370,0.0117716362320399,2
1371,0.0117716362320399,2
1372,0.0117716362320399,2
1373,0.0117716362320399,2
1374,0.0117716362320399,2
1375,0.0117716362320399,2
1376,0.0278056147194438,4
1377,0.0278056147194438,4
1378,0.0278056147194438,4
1379,0.0278056147194438,4
1380,0.0278056147194438,4
1381,0.0278056147194438,4
1382,0.0278056147194438,4
1383,0.0278056147194438,4
1384,0.0278056147194438,4
1385,0.0278056147194438,4
1386,0.0278056147194438,4
1387,0.0263058302282725,4
1388,0.0263058302282725,4
1389,0.0263058302282725,4
1390,0.0263058302282725,4
1391,0.0263058302282725,4
1392,0.0263058302282725,4
1393,0.0263058302282725,4
1394,0.0263058302282725,4
1395,0.0263058302282725,4
1396,0.0263058302282725,4
1397,0.0263058302282725,4
1398,0.0232795070102204,4
1399,0.0232795070102204,4
1400,0.0232795070102204,4
1401,0.0232795070102204,4
1402,0.0232795070102204,4
1403,0.0232795070102204,4
1404,0.0232795070102204,4
1405,0.0232795070102204,4
1406,0.0232795070102204,4
1407,0.0232795070102204,4
1408,0.0232795070102204,4
1409,0.0278056147194438,4
1410,0.0278056147194438,4
1411,0.0278056147194438,4
1412,0.0278056147194438,4
1413,0.0278056147194438,4
1414,0.0117716362320399,2
1415,0.0117716362320399,2
1416,0.0117716362320399,2
1417,0.0117716362320399,2
1418,0.0117716362320399,2
1419,0.0191947689107065,3
1420,0.0191947689107065,3
1421,0.0191947689107065,3
1422,0.0191947689107065,3
1423,0.0191947689107065,3
1424,0.0191947689107065,3
1425,0.0191947689107065,3
1426,0.0191947689107065,3
1427,0.0191947689107065,3
1428,0.0191947689107065,3
1429,0.0191947689107065,3
1430,0.0622098151317827,8
1431,0.0622098151317827,8
1432,0.0622098151317827,8
1433,0.0622098151317827,8
1434,0.0622098151317827,8
1435,0.0622098151317827,8
1436,0.0622098151317827,8
1437,0.0622098151317827,8
1438,0.0622098151317827,8
1439,0.0622098151317827,8
1440,0.0047001249074542,1
1441,0.0047001249074542,1
1442,0.0047001249074542,1
1443,0.0232795070102204,4
1444,0.0232795070102204,4
1445,0.0232795070102204,4
1446,0.0232795070102204,4
1447,0.0232795070102204,4
1448,0.0232795070102204,4
1449,0.0232795070102204,4
1450,0.0232795070102204,4
1451,0.0232795070102204,4
1452,0.0232795070102204,4
1453,0.026478920060034,4
1454,0.0322976389549795,2
1455,0.0322976389549795,2
1456,0.0322976389549795,2
1457,0.0322976389549795,2
1458,0.0322976389549795,2
1459,0.0322976389549795,2
1460,0.0322976389549795,2
1461,0.0322976389549795,2
1462,0.0322976389549795,2
1463,0.0322976389549795,2
1464,0.0525209947134648,5
1465,0.0525209947134648,5
1466,0.0525209947134648,5
1467,0.0525209947134648,5
1468,0.0525209947134648,5
1469,0.0525209947134648,5
1470,0.0525209947134648,5
1471,0.0525209947134648,5
1472,0.0525209947134648,5
1473,0.0525209947134648,5
1474,0.0142376212020728,2
1475,0.0142376212020728,2
1476,0.0142376212020728,2
1477,0.0142376212020728,2
1478,0.0142376212020728,2
1479,0.0142376212020728,2
1480,0.0142376212020728,2
1481,0.0142376212020728,2
1482,0.0278056147194438,4
1483,0.0278056147194438,4
1484,0.0278056147194438,4
1485,0.0278056147194438,4
1486,0.0314644732806209,4
1487,0.0314644732806209,4
1488,0.0314644732806209,4
1489,0.0314644732806209,4
1490,0.0314644732806209,4
1491,0.0314644732806209,4
1492,0.0314644732806209,4
1493,0.0314644732806209,4
1494,0.0314644732806209,4
1495,0.0314644732806209,4
1496,0.0386319960765397,5
1497,0.0386319960765397,5
1498,0.0386319960765397,5
1499,0.0386319960765397,5
1500,0.0386319960765397,5
1501,0.0386319960765397,5
1502,0.0386319960765397,5
1503,0.0386319960765397,5
1504,0.0386319960765397,5
1505,0.0386319960765397,5
1506,0.0209748067347215,3
1507,0.0209748067347215,3
1508,0.0209748067347215,3
1509,0.0209748067347215,3
1510,0.0209748067347215,3
1511,0.0209748067347215,3
1512,0.0209748067347215,3
1513,0.0209748067347215,3
1514,0.0209748067347215,3
1515,0.0209748067347215,3
1516,0.0117716362320399,2
1517,0.0117716362320399,2
1518,0.0117716362320399,2
1519,0.0117716362320399,2
1520,0.0117716362320399,2
1521,0.0117716362320399,2
1522,0.0278056147194438,4
1523,0.0278056147194438,4
1524,0.0278056147194438,4
1525,0.0278056147194438,4
1526,0.0278056147194438,4
1527,0.0278056147194438,4
1528,0.0278056147194438,4
1529,0.0278056147194438,4
1530,0.0278056147194438,4
1531,0.0278056147194438,4
1532,0.0278056147194438,4
1533,0.0278056147194438,4
1534,0.0278056147194438,4
1535,0.0278056147194438,4
1536,0.0278056147194438,4
1537,0.0278056147194438,4
1538,0.032418379019149,3
1539,0.032418379019149,3
1540,0.032418379019149,3
1541,0.032418379019149,3
1542,0.032418379019149,3
1543,0.032418379019149,3
1544,0.032418379019149,3
1545,0.032418379019149,3
1546,0.032418379019149,3
1547,0.0131549657085696,2
1548,0.0131549657085696,2
1549,0.0131549657085696,2
1550,0.0131549657085696,2
1551,0.0131549657085696,2
1552,0.0131549657085696,2
1553,0.0152459401193608,3
1554,0.0152459401193608,3
1555,0.0152459401193608,3
1556,0.0152459401193608,3
1557,0.0152459401193608,3
1558,0.0152459401193608,3
1559,0.0152459401193608,3
1560,0.0152459401193608,3
1561,0.0152459401193608,3
1562,0.0340962232746415,3
1563,0.0340962232746415,3
1564,0.0340962232746415,3
1565,0.0340962232746415,3
1566,0.0340962232746415,3
1567,0.0340962232746415,3
1568,0.0340962232746415,3
1569,0.0340962232746415,3
1570,0.0340962232746415,3
1571,0.0236385186340376,2
1572,0.0236385186340376,2
1573,0.0236385186340376,2
1574,0.0236385186340376,2
1575,0.0236385186340376,2
1576,0.0236385186340376,2
1577,0.0236385186340376,2
1578,0.0236385186340376,2
1579,0.0236385186340376,2
1580,0.0277094632478616,2
1581,0.0277094632478616,2
1582,0.0277094632478616,2
1583,0.0277094632478616,2
1584,0.0277094632478616,2
1585,0.0277094632478616,2
1586,0.0277094632478616,2
1587,0.0277094632478616,2
1588,0.0277094632478616,2
1589,0.0208258361530832,3
1590,0.0208258361530832,3
1591,0.0208258361530832,3
1592,0.0208258361530832,3
1593,0.0208258361530832,3
1594,0.0208258361530832,3
1595,0.0208258361530832,3
1596,0.0208258361530832,3
1597,0.0208258361530832,3
1598,0.0382879160888136,3
1599,0.0382879160888136,3
1600,0.0382879160888136,3
1601,0.0382879160888136,3
1602,0.0382879160888136,3
1603,0.0382879160888136,3
1604,0.0382879160888136,3
1605,0.0382879160888136,3
1606,0.0382879160888136,3
1607,0.0083759819931422,1
1608,0.0083759819931422,1
1609,0.0083759819931422,1
1610,0.0083759819931422,1
1611,0.0083759819931422,1
1612,0.0083759819931422,1
1613,0.0083759819931422,1
1614,0.0083759819931422,1
1615,0.0083759819931422,1
1616,0.0176337686530538,2
1617,0.0176337686530538,2
1618,0.0176337686530538,2
1619,0.0176337686530538,2
1620,0.0176337686530538,2
1621,0.0176337686530538,2
1622,0.0176337686530538,2
1623,0.0176337686530538,2
1624,0.0176337686530538,2
1625,0.0123958686682776,2
1626,0.0123958686682776,2
1627,0.0123958686682776,2
1628,0.0123958686682776,2
1629,0.0123958686682776,2
1630,0.0123958686682776,2
1631,0.0123958686682776,2
1632,0.0123958686682776,2
1633,0.0123958686682776,2
1634,0.021201357544717,2
1635,0.021201357544717,2
1636,0.021201357544717,2
1637,0.021201357544717,2
1638,0.021201357544717,2
1639,0.021201357544717,2
1640,0.021201357544717,2
1641,0.021201357544717,2
1642,0.021201357544717,2
1643,0.0127961087910435,3
1644,0.0127961087910435,3
1645,0.0127961087910435,3
1646,0.0127961087910435,3
1647,0.0127961087910435,3
1648,0.0127961087910435,3
1649,0.0127961087910435,3
1650,0.0127961087910435,3
1651,0.0127961087910435,3
1652,0.0125528668579772,3
1653,0.0125528668579772,3
1654,0.0125528668579772,3
1655,0.0125528668579772,3
1656,0.0125528668579772,3
1657,0.0125528668579772,3
1658,0.0125528668579772,3
1659,0.0125528668579772,3
1660,0.0125528668579772,3
1661,0.0125528668579772,3
1662,0.0125528668579772,3
1663,0.0125528668579772,3
1664,0.0125528668579772,3
1665,0.0125528668579772,3
1666,0.0125528668579772,3
1667,0.0125528668579772,3
1668,0.0271147170305473,4
1669,0.0271147170305473,4
1670,0.0271147170305473,4
1671,0.0459758488050939,6
1672,0.0142376212020728,2
1673,0.0142376212020728,2
1674,0.0142376212020728,2
1675,0.0142376212020728,2
1676,0.0142376212020728,2
1677,0.021518602740899,4
1678,0.021518602740899,4
1679,0.021518602740899,4
1680,0.021518602740899,4
1681,0.021518602740899,4
1682,0.021518602740899,4
1683,0.021518602740899,4
1684,0.021518602740899,4
1685,0.021518602740899,4
1686,0.021518602740899,4
1687,0.021518602740899,4
1688,0.021518602740899,4
1689,0.021518602740899,4
1690,0.021518602740899,4
1691,0.021518602740899,4
1692,0.021518602740899,4
1693,0.021518602740899,4
1694,0.021518602740899,4
1695,0.0278056147194438,4
1696,0.0278056147194438,4
1697,0.0278056147194438,4
1698,0.0278056147194438,4
1699,0.0278056147194438,4
1700,0.0278056147194438,4
1701,0.0278056147194438,4
1702,0.0278056147194438,4
1703,0.0278056147194438,4
1704,0.0278056147194438,4
1705,0.0278056147194438,4
1706,0.0278056147194438,4
1707,0.0278056147194438,4
1708,0.0278056147194438,4
1709,0.0191947689107065,3
1710,0.0191947689107065,3
1711,0.0191947689107065,3
1712,0.0191947689107065,3
1713,0.0191947689107065,3
1714,0.0191947689107065,3
1715,0.0191947689107065,3
1716,0.0191947689107065,3
1717,0.0191947689107065,3
1718,0.0381880410296112,6
1719,0.0121822302582561,3
1720,0.0121822302582561,3
1721,0.0121822302582561,3
1722,0.0121822302582561,3
1723,0.0121822302582561,3
1724,0.0121822302582561,3
1725,0.0121822302582561,3
1726,0.0121822302582561,3
1727,0.0121822302582561,3
1728,0.0174874124954393,2
1729,0.0174874124954393,2
1730,0.0174874124954393,2
1731,0.0174874124954393,2
1732,0.0174874124954393,2
1733,0.0174874124954393,2
1734,0.0174874124954393,2
1735,0.0241654256666511,4
1736,0.0241654256666511,4
1737,0.0241654256666511,4
1738,0.0241654256666511,4
1739,0.0241654256666511,4
1740,0.0241654256666511,4
1741,0.0241654256666511,4
1742,0.0142300921759666,2
1743,0.0142300921759666,2
1744,0.0142300921759666,2
1745,0.0142300921759666,2
1746,0.0142300921759666,2
1747,0.0142300921759666,2
1748,0.0142300921759666,2
1749,0.0142300921759666,2
1750,0.0142300921759666,2
1751,0.0142300921759666,2
1752,0.0142300921759666,2
1753,0.0142300921759666,2
1754,0.0142300921759666,2
1755,0.0142300921759666,2
1756,0.0142300921759666,2
1757,0.0142300921759666,2
1758,0.011758732137743,3
1759,0.011758732137743,3
1760,0.011758732137743,3
1761,0.011758732137743,3
1762,0.011758732137743,3
1763,0.011758732137743,3
1764,0.011758732137743,3
1765,0.011758732137743,3
1766,0.0278056147194438,4
1767,0.0278056147194438,4
1768,0.0278056147194438,4
1769,0.0278056147194438,4
1770,0.0278056147194438,4
1771,0.0735872370143451,2
1772,0.0735872370143451,2
1773,0.0735872370143451,2
1774,0.0735872370143451,2
1775,0.0735872370143451,2
1776,0.0735872370143451,2
1777,0.0735872370143451,2
1778,0.0735872370143451,2
1779,0.0231753419642226,2
1780,0.0200355460071415,3
1781,0.0248689569896475,3
1782,0.0167319916486933,2
1783,0.0074549637847206,2
1784,0.0314644732806209,4
1785,0.0314644732806209,4
1786,0.0314644732806209,4
1787,0.0314644732806209,4
1788,0.0314644732806209,4
1789,0.0314644732806209,4
1790,0.0314644732806209,4
1791,0.0314644732806209,4
1792,0.0117716362320399,2
1793,0.0117716362320399,2
1794,0.0117716362320399,2
1795,0.0117716362320399,2
1796,0.0117716362320399,2
1797,0.0117716362320399,2
1798,0.0117716362320399,2
1799,0.0117716362320399,2
1800,0.0485931053514409,4
1801,0.0485931053514409,4
1802,0.0485931053514409,4
1803,0.0485931053514409,4
1804,0.0485931053514409,4
1805,0.0485931053514409,4
1806,0.0601835467399764,5
1807,0.0601835467399764,5
1808,0.0601835467399764,5
1809,0.0601835467399764,5
1810,0.0353483078314385,4
1811,0.0353483078314385,4
1812,0.0353483078314385,4
1813,0.0353483078314385,4
1814,0.0353483078314385,4
1815,0.0353483078314385,4
1816,0.0353483078314385,4
1817,0.0155565521182618,3
1818,0.0155565521182618,3
1819,0.0155565521182618,3
1820,0.0155565521182618,3
1821,0.0155565521182618,3
1822,0.0155565521182618,3
1823,0.0166282220622299,2
1824,0.0166282220622299,2
1825,0.0166282220622299,2
1826,0.0166282220622299,2
1827,0.0166282220622299,2
1828,0.0209748067347215,3
1829,0.0209748067347215,3
1830,0.0209748067347215,3
1831,0.0209748067347215,3
1832,0.0209748067347215,3
1833,0.0209748067347215,3
1834,0.0209748067347215,3
1835,0.0190152469848248,3
1836,0.0732538628600878,9
1837,0.0632814906476942,8
1838,0.0543826398779659,7
1839,0.0447387531018568,6
1840,0.0363503510820795,5
1841,0.0278056147194438,4
1842,0.0278056147194438,4
1843,0.0278056147194438,4
1844,0.0278056147194438,4
1845,0.0278056147194438,4
1846,0.0278056147194438,4
1847,0.0278056147194438,4
1848,0.0555571421947777,8
1849,0.0622098151317827,8
1850,0.0622098151317827,8
1851,0.0622098151317827,8
1852,0.0622098151317827,8
1853,0.0622098151317827,8
1854,0.0622098151317827,8
1855,0.0232795070102204,4
1856,0.0232795070102204,4
1857,0.0232795070102204,4
1858,0.0232795070102204,4
1859,0.0232795070102204,4
1860,0.0232795070102204,4
1861,0.0121822302582561,3
1862,0.0121822302582561,3
1863,0.0121822302582561,3
1864,0.0121822302582561,3
1865,0.0121822302582561,3
1866,0.0121822302582561,3
1867,1.5312557287506288e-05,1
1868,0.0718429925933266,4
1869,0.0718429925933266,4
1870,0.0718429925933266,4
1871,0.0718429925933266,4
1872,0.0718429925933266,4
1873,0.0718429925933266,4
1874,0.0117716362320399,2
1875,0.0117716362320399,2
1876,0.0117716362320399,2
1877,0.0117716362320399,2
1878,0.0117716362320399,2
1879,0.0117716362320399,2
1880,0.0016334404226588,1
1881,0.0016334404226588,1
1882,0.0016334404226588,1
1883,0.0016334404226588,1
1884,0.0016334404226588,1
1885,0.0016334404226588,1
1886,0.0820963441248917,4
1887,0.0820963441248917,4
1888,0.0820963441248917,4
1889,0.0820963441248917,4
1890,0.0820963441248917,4
1891,0.0820963441248917,4
1892,0.0820963441248917,4
1893,0.0820963441248917,4
1894,0.0820963441248917,4
1895,0.0820963441248917,4
1896,0.0820963441248917,4
1897,0.0820963441248917,4
1898,0.0820963441248917,4
1899,0.0820963441248917,4
1900,0.0820963441248917,4
1901,0.0820963441248917,4
1902,0.0820963441248917,4
1903,0.0820963441248917,4
1904,0.0081125900886251,2
1905,0.0081125900886251,2
1906,0.0081125900886251,2
1907,0.0081125900886251,2
1908,0.0081125900886251,2
1909,0.0387148084609999,3
1910,0.0387148084609999,3
1911,0.0387148084609999,3
1912,0.0387148084609999,3
1913,0.0122748422462175,2
1914,0.0285648395157016,3
1915,0.049408406251746,2
1916,0.0278056147194438,4
1917,0.1721228821484959,8
1918,0.0283481143007146,4
1919,0.0763094659705964,8
1920,0.0978915596925799,10
1921,0.106942438235436,11
1922,0.1165177232355894,12
1923,0.029698386472904,2
1924,0.0409455973770897,3
1925,0.0527290586812899,4
1926,0.0544235485565457,5
1927,0.0642451813269674,6
1928,0.0912517125334077,9
1929,0.1040257768233729,10
1930,0.1131781622648331,11
1931,0.069031477217728,7
1932,0.0594770139250929,6
1933,0.051008052422454,5
1934,0.0420066726166822,4
1935,0.0363045890173875,3
1936,0.0254212997416603,2
1937,0.0858635292000071,9
1938,0.0027774296849643,1
1939,0.0027774296849643,1
1940,0.0357883871217961,2
1941,0.0424888824022365,2
1942,0.0520838435019889,2
1943,0.0123951536645396,2
1944,0.0055126564706318,2
1945,0.0316013451095404,5
1946,0.0142300921759666,2
1947,0.0186528847854063,2
1948,0.0239764452356598,2
1949,0.0124245185268178,2
1950,0.0186528847854063,2
1951,0.0239764452356598,2
1952,0.0142300921759666,2
1953,0.0239764452356598,2
1954,0.0192437564758926,3
1955,0.0239764452356598,2
1956,0.0239764452356598,2
1957,0.0283481143007146,4
1958,0.0232795070102204,4
1959,0.0232795070102204,4
1960,0.0232795070102204,4
1961,0.0232795070102204,4
1962,0.0232795070102204,4
1963,0.0232795070102204,4
1964,0.0232795070102204,4
1965,0.0232795070102204,4
1966,0.0232795070102204,4
1967,0.0232795070102204,4
1968,0.0232795070102204,4
1969,0.0232795070102204,4
1970,0.0232795070102204,4
1971,0.0232795070102204,4
1972,0.0232795070102204,4
1973,0.0459758488050939,6
1974,0.0802283930388559,8
1975,0.0802283930388559,8
1976,0.0802283930388559,8
1977,0.0802283930388559,8
1978,0.0802283930388559,8
1979,0.0802283930388559,8
1980,0.0802283930388559,8
1981,0.0802283930388559,8
1982,0.0802283930388559,8
1983,0.0802283930388559,8
1984,0.0802283930388559,8
1985,0.0802283930388559,8
1986,0.0802283930388559,8
1987,0.0802283930388559,8
1988,0.0802283930388559,8
1989,0.0802283930388559,8
1990,0.0802283930388559,8
1991,0.0278056147194438,4
1992,0.0278056147194438,4
1993,0.0278056147194438,4
1994,0.0278056147194438,4
1995,0.0278056147194438,4
1996,0.0278056147194438,4
1997,0.0278056147194438,4
1998,0.0278056147194438,4
1999,0.0278056147194438,4
2000,0.0278056147194438,4
2001,0.0278056147194438,4
2002,0.0278056147194438,4
2003,0.0278056147194438,4
2004,0.0278056147194438,4
2005,0.0278056147194438,4
2006,0.0278056147194438,4
2007,0.0278056147194438,4
2008,0.0278056147194438,4
2009,0.0278056147194438,4
2010,0.0278056147194438,4
2011,0.0278056147194438,4
2012,0.0278056147194438,4
2013,0.0278056147194438,4
2014,0.0278056147194438,4
2015,0.0278056147194438,4
2016,0.0278056147194438,4
2017,0.0599332018852042,8
2018,0.021518602740899,4
2019,0.021518602740899,4
2020,0.021518602740899,4
2021,0.0409589192878983,6
2022,0.0409589192878983,6
2023,0.0409589192878983,6
2024,0.0451560899903005,6
2025,0.0210962045181288,4
2026,0.0210962045181288,4
2027,0.0210962045181288,4
2028,0.0210962045181288,4
2029,0.0210962045181288,4
2030,0.0210962045181288,4
2031,0.0210962045181288,4
2032,0.0210962045181288,4
2033,0.0210962045181288,4
2034,0.0210962045181288,4
2035,0.0210962045181288,4
2036,0.0210962045181288,4
2037,0.0210962045181288,4
2038,0.0210962045181288,4
2039,0.0210962045181288,4
2040,0.0210962045181288,4
2041,0.0210962045181288,4
2042,0.0210962045181288,4
2043,0.0210962045181288,4
2044,0.0210962045181288,4
2045,0.0210962045181288,4
2046,0.0210962045181288,4
2047,0.0210962045181288,4
2048,0.0210962045181288,4
2049,0.0210962045181288,4
2050,0.0210962045181288,4
2051,0.0210962045181288,4
2052,0.0210962045181288,4
2053,0.0210962045181288,4
2054,0.0210962045181288,4
2055,0.0210962045181288,4
2056,0.0592081989074206,8
2057,0.0121822302582561,3
2058,0.0121822302582561,3
2059,0.0121822302582561,3
2060,0.0121822302582561,3
2061,0.0121822302582561,3
2062,0.0121822302582561,3
2063,0.0121822302582561,3
2064,0.0121822302582561,3
2065,0.0121822302582561,3
2066,0.0121822302582561,3
2067,0.0121822302582561,3
2068,0.0121822302582561,3
2069,0.0121822302582561,3
2070,0.0121822302582561,3
2071,0.0121822302582561,3
2072,0.0121822302582561,3
2073,0.0121822302582561,3
2074,0.0121822302582561,3
2075,0.0121822302582561,3
2076,0.0121822302582561,3
2077,0.0121822302582561,3
2078,0.0121822302582561,3
2079,0.0121822302582561,3
2080,0.0121822302582561,3
2081,0.0121822302582561,3
2082,0.0121822302582561,3
2083,0.0121822302582561,3
2084,0.0121822302582561,3
2085,0.0121822302582561,3
2086,0.0117716362320399,2
2087,0.0117716362320399,2
2088,0.0117716362320399,2
2089,0.0117716362320399,2
2090,0.0117716362320399,2
2091,0.0117716362320399,2
2092,0.0117716362320399,2
2093,0.0117716362320399,2
2094,0.0117716362320399,2
2095,0.0117716362320399,2
2096,0.0117716362320399,2
2097,0.0117716362320399,2
2098,0.0117716362320399,2
2099,0.0117716362320399,2
2100,0.0117716362320399,2
2101,0.0117716362320399,2
2102,0.0117716362320399,2
2103,0.0117716362320399,2
2104,0.0117716362320399,2
2105,0.0117716362320399,2
2106,0.0117716362320399,2
2107,0.0117716362320399,2
2108,0.0117716362320399,2
2109,0.0117716362320399,2
2110,0.0117716362320399,2
2111,0.0117716362320399,2
2112,0.0117716362320399,2
2113,0.0117716362320399,2
2114,0.0117716362320399,2
2115,0.0117716362320399,2
2116,0.0117716362320399,2
2117,0.0117716362320399,2
2118,0.0117716362320399,2
2119,0.0117716362320399,2
2120,0.0117716362320399,2
2121,0.0117716362320399,2
2122,0.0117716362320399,2
2123,0.0117716362320399,2
2124,0.0117716362320399,2
2125,0.0117716362320399,2
2126,0.0117716362320399,2
2127,0.0117716362320399,2
2128,0.0117716362320399,2
2129,0.0117716362320399,2
2130,0.0117716362320399,2
2131,0.0117716362320399,2
2132,0.0117716362320399,2
2133,0.0117716362320399,2
2134,0.0117716362320399,2
2135,0.0117716362320399,2
2136,0.0117716362320399,2
2137,0.0117716362320399,2
2138,0.0117716362320399,2
2139,0.0117716362320399,2
2140,0.0117716362320399,2
2141,0.0117716362320399,2
2142,0.0117716362320399,2
2143,0.0117716362320399,2
2144,0.0117716362320399,2
2145,0.0072213688673153,2
2146,0.0072213688673153,2
2147,0.0072213688673153,2
2148,0.0072213688673153,2
2149,0.0072213688673153,2
2150,0.0072213688673153,2
2151,0.0072213688673153,2
2152,0.0072213688673153,2
2153,0.014651040772479,3
2154,0.014651040772479,3
2155,0.014651040772479,3
2156,0.014651040772479,3
2157,0.014651040772479,3
2158,0.014651040772479,3
2159,0.014651040772479,3
2160,0.014651040772479,3
2161,0.014651040772479,3
2162,0.014651040772479,3
2163,0.0210962045181288,4
2164,0.0210962045181288,4
2165,0.0210962045181288,4
2166,0.0210962045181288,4
2167,0.0210962045181288,4
2168,0.0210962045181288,4
2169,0.0210962045181288,4
2170,0.0210962045181288,4
2171,0.0210962045181288,4
2172,0.0210962045181288,4
2173,0.0210962045181288,4
2174,0.0210962045181288,4
2175,0.0210962045181288,4
2176,0.0210962045181288,4
2177,0.0210962045181288,4
2178,0.0414781516661225,6
2179,0.0414781516661225,6
2180,0.0414781516661225,6
2181,0.0414781516661225,6
2182,0.0414781516661225,6
2183,0.0414781516661225,6
2184,0.0414781516661225,6
2185,0.0414781516661225,6
2186,0.0414781516661225,6
2187,0.0414781516661225,6
2188,0.0414781516661225,6
2189,0.0414781516661225,6
2190,0.0414781516661225,6
2191,0.0414781516661225,6
2192,0.0414781516661225,6
2193,0.0210962045181288,4
2194,0.0210962045181288,4
2195,0.0210962045181288,4
2196,0.0210962045181288,4
2197,0.0210962045181288,4
2198,0.0210962045181288,4
2199,0.0210962045181288,4
2200,0.0210962045181288,4
2201,0.0210962045181288,4
2202,0.0210962045181288,4
2203,0.0210962045181288,4
2204,0.0210962045181288,4
2205,0.0210962045181288,4
2206,0.0210962045181288,4
2207,0.0210962045181288,4
2208,0.0210962045181288,4
2209,0.0210962045181288,4
2210,0.0210962045181288,4
2211,0.0210962045181288,4
2212,0.0210962045181288,4
2213,0.0210962045181288,4
2214,0.0210962045181288,4
2215,0.0210962045181288,4
2216,0.0054929007942355,1
2217,0.0054929007942355,1
2218,0.0054929007942355,1
2219,0.0054929007942355,1
2220,0.0054929007942355,1
2221,0.0054929007942355,1
2222,0.0054929007942355,1
2223,0.0054929007942355,1
2224,0.0054929007942355,1
2225,0.0054929007942355,1
2226,0.0054929007942355,1
2227,0.0054929007942355,1
2228,0.0054929007942355,1
2229,0.0191947689107065,3
2230,0.0191947689107065,3
2231,0.0191947689107065,3
2232,0.0191947689107065,3
2233,0.0191947689107065,3
2234,0.0191947689107065,3
2235,0.0191947689107065,3
2236,0.0191947689107065,3
2237,0.0191947689107065,3
2238,0.0191947689107065,3
2239,0.0191947689107065,3
2240,0.0191947689107065,3
2241,0.0191947689107065,3
2242,0.0191947689107065,3
2243,0.0191947689107065,3
2244,0.0191947689107065,3
2245,0.0191947689107065,3
2246,0.0191947689107065,3
2247,0.0191947689107065,3
2248,0.0191947689107065,3
2249,0.0191947689107065,3
2250,0.0191947689107065,3
2251,0.0191947689107065,3
2252,0.0117716362320399,2
2253,0.0117716362320399,2
2254,0.0117716362320399,2
2255,0.0117716362320399,2
2256,0.0117716362320399,2
2257,0.0117716362320399,2
2258,0.0117716362320399,2
2259,0.0117716362320399,2
2260,0.0117716362320399,2
2261,0.0117716362320399,2
2262,0.0117716362320399,2
2263,0.0117716362320399,2
2264,0.0117716362320399,2
2265,0.0117716362320399,2
2266,0.0117716362320399,2
2267,0.0117716362320399,2
2268,0.0117716362320399,2
2269,0.0117716362320399,2
2270,0.0117716362320399,2
2271,0.0117716362320399,2
2272,0.0117716362320399,2
2273,0.0117716362320399,2
2274,0.0117716362320399,2
2275,0.0117716362320399,2
2276,0.0117716362320399,2
2277,0.0117716362320399,2
2278,0.0117716362320399,2
2279,0.0117716362320399,2
2280,0.0117716362320399,2
2281,0.0117716362320399,2
2282,0.0117716362320399,2
2283,0.0117716362320399,2
2284,0.0117716362320399,2
2285,0.0117716362320399,2
2286,0.0117716362320399,2
2287,0.0447387531018568,6
2288,0.0447387531018568,6
2289,0.0447387531018568,6
2290,0.0447387531018568,6
2291,0.0447387531018568,6
2292,0.0447387531018568,6
2293,0.0447387531018568,6
2294,0.0447387531018568,6
2295,0.0447387531018568,6
2296,0.0447387531018568,6
2297,0.0447387531018568,6
2298,0.0447387531018568,6
2299,0.064985019624831,8
2300,0.064985019624831,8
2301,0.064985019624831,8
2302,0.064985019624831,8
2303,0.064985019624831,8
2304,0.064985019624831,8
2305,0.064985019624831,8
2306,0.064985019624831,8
2307,0.064985019624831,8
2308,0.064985019624831,8
2309,0.064985019624831,8
2310,0.064985019624831,8
2311,0.0473286603746191,6
2312,0.0473286603746191,6
2313,0.0473286603746191,6
2314,0.0473286603746191,6
2315,0.0473286603746191,6
2316,0.0473286603746191,6
2317,0.0473286603746191,6
2318,0.0473286603746191,6
2319,0.0473286603746191,6
2320,0.0473286603746191,6
2321,0.0473286603746191,6
2322,0.0473286603746191,6
2323,0.0106105011220886,1
2324,0.0106105011220886,1
2325,0.0106105011220886,1
2326,0.0106105011220886,1
2327,0.0106105011220886,1
2328,0.0106105011220886,1
2329,0.0106105011220886,1
2330,0.0106105011220886,1
2331,0.0106105011220886,1
2332,0.0106105011220886,1
2333,0.0106105011220886,1
2334,0.0106105011220886,1
2335,0.0332381838219763,5
2336,0.0332381838219763,5
2337,0.0332381838219763,5
2338,0.0332381838219763,5
2339,0.0332381838219763,5
2340,0.0332381838219763,5
2341,0.0332381838219763,5
2342,0.0332381838219763,5
2343,0.0332381838219763,5
2344,0.0332381838219763,5
2345,0.0332381838219763,5
2346,0.0332381838219763,5
2347,0.0138608654184221,5
2348,0.0138608654184221,5
2349,0.0138608654184221,5
2350,0.0138608654184221,5
2351,0.0138608654184221,5
2352,0.0138608654184221,5
2353,0.0138608654184221,5
2354,0.0138608654184221,5
2355,0.0078616723841164,2
2356,0.0078616723841164,2
2357,0.0078616723841164,2
2358,0.0078616723841164,2
2359,0.0078616723841164,2
2360,0.0078616723841164,2
2361,0.0078616723841164,2
2362,0.0078616723841164,2
2363,0.0078616723841164,2
2364,0.0078616723841164,2
2365,0.0078616723841164,2
2366,0.0078616723841164,2
2367,0.0208386582270404,4
2368,0.0208386582270404,4
2369,0.0208386582270404,4
2370,0.0208386582270404,4
2371,0.0208386582270404,4
2372,0.0208386582270404,4
2373,0.0134629660267346,3
2374,0.0134629660267346,3
2375,0.0134629660267346,3
2376,0.0134629660267346,3
2377,0.0134629660267346,3
2378,0.0134629660267346,3
2379,0.0134629660267346,3
2380,0.0134629660267346,3
2381,0.0134629660267346,3
2382,0.0134629660267346,3
2383,0.0134629660267346,3
2384,0.0134629660267346,3
2385,0.0191947689107065,3
2386,0.0191947689107065,3
2387,0.0191947689107065,3
2388,0.0191947689107065,3
2389,0.0191947689107065,3
2390,0.0191947689107065,3
2391,0.0191947689107065,3
2392,0.0191947689107065,3
2393,0.0191947689107065,3
2394,0.0191947689107065,3
2395,0.0191947689107065,3
2396,0.0191947689107065,3
2397,0.0433814693769245,2
2398,0.0433814693769245,2
2399,0.0433814693769245,2
2400,0.0433814693769245,2
2401,0.0433814693769245,2
2402,0.0433814693769245,2
2403,0.0433814693769245,2
2404,0.0433814693769245,2
2405,0.0433814693769245,2
2406,0.0433814693769245,2
2407,0.0433814693769245,2
2408,0.0271147170305473,4
2409,0.0271147170305473,4
2410,0.0271147170305473,4
2411,0.0638528135356278,4
2412,0.0638528135356278,4
2413,0.0638528135356278,4
2414,0.0638528135356278,4
2415,0.0638528135356278,4
2416,0.0638528135356278,4
2417,0.0638528135356278,4
2418,0.0638528135356278,4
2419,0.0638528135356278,4
2420,0.0638528135356278,4
2421,0.0638528135356278,4
2422,0.0459758488050939,6
2423,0.0459758488050939,6
2424,0.0459758488050939,6
2425,0.0459758488050939,6
2426,0.0459758488050939,6
2427,0.0459758488050939,6
2428,0.0459758488050939,6
2429,0.0459758488050939,6
2430,0.0459758488050939,6
2431,0.0459758488050939,6
2432,0.0459758488050939,6
2433,0.0278056147194438,4
2434,0.0278056147194438,4
2435,0.0278056147194438,4
2436,0.0278056147194438,4
2437,0.0278056147194438,4
2438,0.0278056147194438,4
2439,0.0278056147194438,4
2440,0.0278056147194438,4
2441,0.0367906873287528,5
2442,0.0367906873287528,5
2443,0.0367906873287528,5
2444,0.0367906873287528,5
2445,0.0367906873287528,5
2446,0.0367906873287528,5
2447,0.0367906873287528,5
2448,0.0367906873287528,5
2449,0.0367906873287528,5
2450,0.0367906873287528,5
2451,0.0367906873287528,5
2452,0.1721228821484959,8
2453,0.1721228821484959,8
2454,0.1721228821484959,8
2455,0.1721228821484959,8
2456,0.1721228821484959,8
2457,0.1721228821484959,8
2458,0.1721228821484959,8
2459,0.0260248823607852,4
2460,0.0144106479354546,2
2461,0.0144106479354546,2
2462,0.0144106479354546,2
2463,0.0144106479354546,2
2464,0.0144106479354546,2
2465,0.0144106479354546,2
2466,0.0144106479354546,2
2467,0.0144106479354546,2
2468,0.0144106479354546,2
2469,0.0144106479354546,2
2470,0.0238561912661519,2
2471,0.0238561912661519,2
2472,0.0238561912661519,2
2473,0.0238561912661519,2
2474,0.0238561912661519,2
2475,0.0238561912661519,2
2476,0.0238561912661519,2
2477,0.0238561912661519,2
2478,0.0238561912661519,2
2479,0.0141471782421757,1
2480,0.0141471782421757,1
2481,0.0141471782421757,1
2482,0.0141471782421757,1
2483,0.0141471782421757,1
2484,0.0141471782421757,1
2485,0.0141471782421757,1
2486,0.0141471782421757,1
2487,0.0141471782421757,1
2488,0.0184861897191501,2
2489,0.0184861897191501,2
2490,0.0184861897191501,2
2491,0.0184861897191501,2
2492,0.0184861897191501,2
2493,0.0184861897191501,2
2494,0.0184861897191501,2
2495,0.0184861897191501,2
2496,0.0184861897191501,2
2497,0.0278056147194438,4
2498,0.0278056147194438,4
2499,0.0278056147194438,4
2500,0.0278056147194438,4
2501,0.0278056147194438,4
2502,0.0645238375999118,8
2503,0.0278056147194438,4
2504,0.0278056147194438,4
2505,0.0278056147194438,4
2506,0.0278056147194438,4
2507,0.0278056147194438,4
2508,0.0278056147194438,4
2509,0.0278056147194438,4
2510,0.0278056147194438,4
2511,0.0278056147194438,4
2512,0.0278056147194438,4
2513,0.0278056147194438,4
2514,0.0278056147194438,4
2515,0.0278056147194438,4
2516,0.0037410466022508,2
2517,0.0037410466022508,2
2518,0.0037410466022508,2
2519,0.0037410466022508,2
2520,0.0037410466022508,2
2521,0.0248224846825218,2
2522,0.0248224846825218,2
2523,0.0248224846825218,2
2524,0.0248224846825218,2
2525,0.0248224846825218,2
2526,0.0248224846825218,2
2527,0.0248224846825218,2
2528,0.0248224846825218,2
2529,0.0229304524270024,2
2530,0.0229304524270024,2
2531,0.0229304524270024,2
2532,0.0229304524270024,2
2533,0.0229304524270024,2
2534,0.0229304524270024,2
2535,0.0229304524270024,2
2536,0.0278056147194438,4
2537,0.0278056147194438,4
2538,0.0278056147194438,4
2539,0.0121678005546324,3
2540,0.0333351593409052,2
2541,0.060900752096075,4
2542,0.060900752096075,4
2543,0.060900752096075,4
2544,0.060900752096075,4
2545,0.0183772669289359,2
2546,0.0062641447730149,2
2547,0.0062641447730149,2
2548,0.0062641447730149,2
2549,0.0062641447730149,2
2550,0.0062641447730149,2
2551,0.0062641447730149,2
2552,0.0062641447730149,2
2553,0.0441530185746882,6
2554,0.0441530185746882,6
2555,0.0441530185746882,6
2556,0.0441530185746882,6
2557,0.0441530185746882,6
2558,0.0441530185746882,6
2559,0.005388110172011,1
2560,0.005388110172011,1
2561,0.005388110172011,1
2562,0.005388110172011,1
2563,0.005388110172011,1
2564,0.005388110172011,1
2565,0.0239007038826113,4
2566,0.0239007038826113,4
2567,0.0239007038826113,4
2568,0.0239007038826113,4
2569,0.0239007038826113,4
2570,0.0239007038826113,4
2571,0.0404142485206496,3
2572,0.0404142485206496,3
2573,0.0404142485206496,3
2574,0.0404142485206496,3
2575,0.0210962045181288,4
2576,0.0054929007942355,1
2577,0.0142300921759666,2
2578,0.0186528847854063,2
2579,0.0142300921759666,2
2580,0.0283481143007146,4
2581,0.0142300921759666,2
2582,0.0278056147194438,4
2583,0.0278056147194438,4
2584,0.0278056147194438,4
2585,0.0278056147194438,4
2586,0.0278056147194438,4
2587,0.0278056147194438,4
2588,0.0278056147194438,4
2589,0.0278056147194438,4
2590,0.0278056147194438,4
2591,0.0278056147194438,4
2592,0.0278056147194438,4
2593,0.0278056147194438,4
2594,0.0278056147194438,4
2595,0.0278056147194438,4
2596,0.0278056147194438,4
2597,0.0278056147194438,4
2598,0.0278056147194438,4
2599,0.0278056147194438,4
2600,0.0278056147194438,4
2601,0.0278056147194438,4
2602,0.0278056147194438,4
2603,0.0278056147194438,4
2604,0.0278056147194438,4
2605,0.0278056147194438,4
2606,0.0278056147194438,4
2607,0.0278056147194438,4
2608,0.0278056147194438,4
2609,0.0278056147194438,4
2610,0.0278056147194438,4
2611,0.0278056147194438,4
2612,0.0278056147194438,4
2613,0.0278056147194438,4
2614,0.0278056147194438,4
2615,0.0278056147194438,4
2616,0.0278056147194438,4
2617,0.0278056147194438,4
2618,0.0278056147194438,4
2619,0.0278056147194438,4
2620,0.0278056147194438,4
2621,0.0278056147194438,4
2622,0.0278056147194438,4
2623,0.0278056147194438,4
2624,0.0278056147194438,4
2625,0.0459758488050939,6
2626,0.0459758488050939,6
2627,0.0459758488050939,6
2628,0.0459758488050939,6
2629,0.0459758488050939,6
2630,0.0459758488050939,6
2631,0.0459758488050939,6
2632,0.0459758488050939,6
2633,0.0459758488050939,6
2634,0.0459758488050939,6
2635,0.0459758488050939,6
2636,0.0459758488050939,6
2637,0.0459758488050939,6
2638,0.0459758488050939,6
2639,0.0459758488050939,6
2640,0.0459758488050939,6
2641,0.0459758488050939,6
2642,0.0645238375999118,8
2643,0.0645238375999118,8
2644,0.0645238375999118,8
2645,0.0645238375999118,8
2646,0.0645238375999118,8
2647,0.0645238375999118,8
2648,0.0645238375999118,8
2649,0.0645238375999118,8
2650,0.0645238375999118,8
2651,0.0645238375999118,8
2652,0.0645238375999118,8
2653,0.0645238375999118,8
2654,0.0038272689621684,2
2655,0.0038272689621684,2
2656,0.0038272689621684,2
2657,0.0038272689621684,2
2658,0.0038272689621684,2
2659,0.0038272689621684,2
2660,0.0038272689621684,2
2661,0.0038272689621684,2
2662,0.0038272689621684,2
2663,0.0038272689621684,2
2664,0.0038272689621684,2
2665,0.0038272689621684,2
2666,0.0038272689621684,2
2667,0.0038272689621684,2
2668,0.0038272689621684,2
2669,0.0038272689621684,2
2670,0.0038272689621684,2
2671,0.0038272689621684,2
2672,0.0501950838834535,6
2673,0.0139362887542964,3
2674,0.0139362887542964,3
2675,0.0139362887542964,3
2676,0.0139362887542964,3
2677,0.0139362887542964,3
2678,0.0139362887542964,3
2679,0.0139362887542964,3
2680,0.0139362887542964,3
2681,0.0139362887542964,3
2682,0.0139362887542964,3
2683,0.0139362887542964,3
2684,0.0139362887542964,3
2685,0.0139362887542964,3
2686,0.0139362887542964,3
2687,0.0139362887542964,3
2688,0.0139362887542964,3
2689,0.0139362887542964,3
2690,0.0139362887542964,3
2691,0.0139362887542964,3
2692,0.0139362887542964,3
2693,0.0139362887542964,3
2694,0.0139362887542964,3
2695,0.0139362887542964,3
2696,0.0139362887542964,3
2697,0.0139362887542964,3
2698,0.0117716362320399,2
2699,0.0117716362320399,2
2700,0.0117716362320399,2
2701,0.0117716362320399,2
2702,0.0117716362320399,2
2703,0.0117716362320399,2
2704,0.0117716362320399,2
2705,0.0117716362320399,2
2706,0.0117716362320399,2
2707,0.0117716362320399,2
2708,0.0117716362320399,2
2709,0.0117716362320399,2
2710,0.0117716362320399,2
2711,0.0117716362320399,2
2712,0.0117716362320399,2
2713,0.0117716362320399,2
2714,0.0117716362320399,2
2715,0.0117716362320399,2
2716,0.0278056147194438,4
2717,0.0278056147194438,4
2718,0.0278056147194438,4
2719,0.0278056147194438,4
2720,0.0278056147194438,4
2721,0.0278056147194438,4
2722,0.0278056147194438,4
2723,0.0278056147194438,4
2724,0.0278056147194438,4
2725,0.0278056147194438,4
2726,0.0278056147194438,4
2727,0.0278056147194438,4
2728,0.0278056147194438,4
2729,0.0278056147194438,4
2730,0.0278056147194438,4
2731,0.0278056147194438,4
2732,0.0278056147194438,4
2733,0.0278056147194438,4
2734,0.0278056147194438,4
2735,0.0278056147194438,4
2736,0.0278056147194438,4
2737,0.0278056147194438,4
2738,0.0278056147194438,4
2739,0.0278056147194438,4
2740,0.0278056147194438,4
2741,0.0278056147194438,4
2742,0.0278056147194438,4
2743,0.0278056147194438,4
2744,0.0278056147194438,4
2745,0.0278056147194438,4
2746,0.0108301830538255,2
2747,0.0108301830538255,2
2748,0.0108301830538255,2
2749,0.0108301830538255,2
2750,0.0108301830538255,2
2751,0.0108301830538255,2
2752,0.0108301830538255,2
2753,0.0108301830538255,2
2754,0.0227419448184164,4
2755,0.0227419448184164,4
2756,0.0227419448184164,4
2757,0.0227419448184164,4
2758,0.0227419448184164,4
2759,0.0227419448184164,4
2760,0.0227419448184164,4
2761,0.0227419448184164,4
2762,0.0227419448184164,4
2763,0.0227419448184164,4
2764,0.0227419448184164,4
2765,0.0227419448184164,4
2766,0.0227419448184164,4
2767,0.0227419448184164,4
2768,0.0227419448184164,4
2769,0.0227419448184164,4
2770,0.0235144238815747,4
2771,0.0235144238815747,4
2772,0.0235144238815747,4
2773,0.0235144238815747,4
2774,0.0235144238815747,4
2775,0.0235144238815747,4
2776,0.0235144238815747,4
2777,0.0235144238815747,4
2778,0.0235144238815747,4
2779,0.0235144238815747,4
2780,0.0235144238815747,4
2781,0.0235144238815747,4
2782,0.0235144238815747,4
2783,0.0235144238815747,4
2784,0.0235144238815747,4
2785,0.0235144238815747,4
2786,0.0235144238815747,4
2787,0.0235144238815747,4
2788,0.0278056147194438,4
2789,0.0278056147194438,4
2790,0.0278056147194438,4
2791,0.0278056147194438,4
2792,0.0278056147194438,4
2793,0.0278056147194438,4
2794,0.0278056147194438,4
2795,0.0278056147194438,4
2796,0.0278056147194438,4
2797,0.0278056147194438,4
2798,0.0278056147194438,4
2799,0.0278056147194438,4
2800,0.0278056147194438,4
2801,0.0235144238815747,4
2802,0.0235144238815747,4
2803,0.0235144238815747,4
2804,0.0235144238815747,4
2805,0.0235144238815747,4
2806,0.0235144238815747,4
2807,0.0235144238815747,4
2808,0.0235144238815747,4
2809,0.0235144238815747,4
2810,0.0235144238815747,4
2811,0.0235144238815747,4
2812,0.0235144238815747,4
2813,0.0235144238815747,4
2814,0.0235144238815747,4
2815,0.0235144238815747,4
2816,0.0235144238815747,4
2817,0.0186528847854063,2
2818,0.0186528847854063,2
2819,0.0186528847854063,2
2820,0.0186528847854063,2
2821,0.0186528847854063,2
2822,0.0186528847854063,2
2823,0.0186528847854063,2
2824,0.0186528847854063,2
2825,0.0186528847854063,2
2826,0.0186528847854063,2
2827,0.0186528847854063,2
2828,0.0186528847854063,2
2829,0.0186528847854063,2
2830,0.0186528847854063,2
2831,0.0186528847854063,2
2832,0.0186528847854063,2
2833,0.0186528847854063,2
2834,0.0186528847854063,2
2835,0.0186528847854063,2
2836,0.0186528847854063,2
2837,0.0186528847854063,2
2838,0.0186528847854063,2
2839,0.0186528847854063,2
2840,0.0088520875805744,2
2841,0.0088520875805744,2
2842,0.0088520875805744,2
2843,0.0088520875805744,2
2844,0.0088520875805744,2
2845,0.0088520875805744,2
2846,0.0088520875805744,2
2847,0.0088520875805744,2
2848,0.0088520875805744,2
2849,0.0088520875805744,2
2850,0.0088520875805744,2
2851,0.0088520875805744,2
2852,0.0088520875805744,2
2853,0.0278056147194438,4
2854,0.0186528847854063,2
2855,0.0186528847854063,2
2856,0.0186528847854063,2
2857,0.0186528847854063,2
2858,0.0186528847854063,2
2859,0.0186528847854063,2
2860,0.0186528847854063,2
2861,0.0186528847854063,2
2862,0.0186528847854063,2
2863,0.0117716362320399,2
2864,0.0117716362320399,2
2865,0.0117716362320399,2
2866,0.0117716362320399,2
2867,0.0117716362320399,2
2868,0.0054929007942355,1
2869,0.0054929007942355,1
2870,0.0054929007942355,1
2871,0.0054929007942355,1
2872,0.0117716362320399,2
2873,0.0117716362320399,2
2874,0.0117716362320399,2
2875,0.0117716362320399,2
2876,0.0117716362320399,2
2877,0.0199735705031564,2
2878,0.0199735705031564,2
2879,0.0199735705031564,2
2880,0.0199735705031564,2
2881,0.0199735705031564,2
2882,0.0199735705031564,2
2883,0.0199735705031564,2
2884,0.0199735705031564,2
2885,0.0199735705031564,2
2886,0.0271147170305473,4
2887,0.0271147170305473,4
2888,0.0278056147194438,4
2889,0.0278056147194438,4
2890,0.0278056147194438,4
2891,0.0278056147194438,4
2892,0.0278056147194438,4
2893,0.0278056147194438,4
2894,0.0278056147194438,4
2895,0.0278056147194438,4
2896,0.0278056147194438,4
2897,0.0296552391984166,5
2898,0.0296552391984166,5
2899,0.0296552391984166,5
2900,0.0296552391984166,5
2901,0.0296552391984166,5
2902,0.0296552391984166,5
2903,0.0296552391984166,5
2904,0.0296552391984166,5
2905,0.0296552391984166,5
2906,0.0413971864538404,4
2907,0.0413971864538404,4
2908,0.0413971864538404,4
2909,0.0413971864538404,4
2910,0.0413971864538404,4
2911,0.0413971864538404,4
2912,0.0413971864538404,4
2913,0.0209748067347215,3
2914,0.0209748067347215,3
2915,0.0209748067347215,3
2916,0.0209748067347215,3
2917,0.0209748067347215,3
2918,0.0209748067347215,3
2919,0.0209748067347215,3
2920,0.0209748067347215,3
2921,0.0177952909406225,4
2922,0.0177952909406225,4
2923,0.0177952909406225,4
2924,0.0177952909406225,4
2925,0.0177952909406225,4
2926,0.0177952909406225,4
2927,0.0177952909406225,4
2928,0.0177952909406225,4
2929,0.0279034674622187,4
2930,0.0117716362320399,2
2931,0.0117716362320399,2
2932,0.0278056147194438,4
2933,0.1227611929838932,12
2934,0.0727045322415228,7
2935,0.0520838435019889,2
